{
  "os": "Linux-6.1.85+-x86_64-with-glibc2.35",
  "python": "CPython 3.11.11",
  "startedAt": "2025-03-31T12:24:41.068503Z",
  "program": "/content/drive/MyDrive/INM_705_Practice_final/Yolov11/run.py",
  "codePath": "run.py",
  "email": "dummy1cx@gmail.com",
  "root": "/content/drive/MyDrive/INM_705_Practice_final/Yolov11",
  "host": "def43aae453f",
  "executable": "/usr/bin/python3",
  "codePathLocal": "run.py",
  "cpu_count": 6,
  "cpu_count_logical": 12,
  "gpu": "NVIDIA A100-SXM4-40GB",
  "gpu_count": 1,
  "disk": {
    "/": {
      "total": "253055008768",
      "used": "45140783104"
    }
  },
  "memory": {
    "total": "89632796672"
  },
  "cpu": {
    "count": 6,
    "countLogical": 12
  },
  "gpu_nvidia": [
    {
      "name": "NVIDIA A100-SXM4-40GB",
      "memoryTotal": "42949672960",
      "cudaCores": 6912,
      "architecture": "Ampere"
    }
  ],
  "cudaVersion": "12.4"
}